"alloc_method","adjusted","rerandomized","power.pvalue","power.rerand","power.ci","coverage","bias","nsim","time_elapsed","modelno","method_name","trial_size","outcome_type","outcome_marginal_prevalence","prognostic_factor_number","prognostic_factor_type","prognostic_factor_prevalence","bT","bZ","alpha","prognostic_factor_effect_size","treatment_assignment_effect_size","entry_time_effect_size","allocation_ratio"
"CR","1","0"," 0.014"," 0.000"," 0.016"," 0.984","-0.019","3332","32.1","1","CR_REG_ADJ",32,"binary",0.1,2,"binary",0.25,0,0,0.05,1.1,1,1,0.5
"SBR","1","0"," 0.009"," 0.000"," 0.010"," 0.990","-0.047","3518","37.38","1","SBR_REG_ADJ",32,"binary",0.1,2,"binary",0.25,0,0,0.05,1.1,1,1,0.5
"CAA-MI-2-PBA-0.70","1","0"," 0.011"," 0.000"," 0.013"," 0.987"," 0.052","3396","83.67","1","CAA-MI-2-PBA-0.70_REG_ADJ",32,"binary",0.1,2,"binary",0.25,0,0,0.05,1.1,1,1,0.5
"CR","0","0"," 0.001"," 0.000"," 0.001"," 0.999"," 0.009","3401","26.31","1","CR_REG_UN",32,"binary",0.1,2,"binary",0.25,0,0,0.05,1.1,1,1,0.5
"SBR","0","0"," 0.000"," 0.000"," 0.000"," 1.000","-0.022","3536","31.05","1","SBR_REG_UN",32,"binary",0.1,2,"binary",0.25,0,0,0.05,1.1,1,1,0.5
"CAA-MI-2-PBA-0.70","0","0"," 0.001"," 0.000"," 0.001"," 0.999"," 0.000","3430","77.89","1","CAA-MI-2-PBA-0.70_REG_UN",32,"binary",0.1,2,"binary",0.25,0,0,0.05,1.1,1,1,0.5
"CAA-MI-2-PBA-0.70","1","1"," 0.087"," 0.075"," 0.000"," 1.000"," 0.141","5010","78689.21","1","CAA-MI-2-PBA-0.70_RERAND_ADJ",32,"binary",0.1,2,"binary",0.25,0,0,0.05,1.1,1,1,0.5
CR,1,0, 0.028, 0.000, 0.037, 0.963, 0.016,5005,25.25,2,CR_REG_ADJ,32,binary,0.5,2,binary,0.25,0,0,0.05,1.1,1,1,0.5
SBR,1,0, 0.031, 0.000, 0.042, 0.958,-0.005,5006,32.15,2,SBR_REG_ADJ,32,binary,0.5,2,binary,0.25,0,0,0.05,1.1,1,1,0.5
CAA-MI-2-PBA-0.70,1,0, 0.028, 0.000, 0.036, 0.964,-0.006,5009,76.73,2,CAA-MI-2-PBA-0.70_REG_ADJ,32,binary,0.5,2,binary,0.25,0,0,0.05,1.1,1,1,0.5
CR,0,0, 0.029, 0.000, 0.046, 0.954, 0.017,5005,23.72,2,CR_REG_UN,32,binary,0.5,2,binary,0.25,0,0,0.05,1.1,1,1,0.5
SBR,0,0, 0.026, 0.000, 0.052, 0.948,-0.006,5009,29.39,2,SBR_REG_UN,32,binary,0.5,2,binary,0.25,0,0,0.05,1.1,1,1,0.5
CAA-MI-2-PBA-0.70,0,0, 0.025, 0.000, 0.044, 0.956,-0.003,5010,73.42,2,CAA-MI-2-PBA-0.70_REG_UN,32,binary,0.5,2,binary,0.25,0,0,0.05,1.1,1,1,0.5
CAA-MI-2-PBA-0.70,1,1, 0.049, 0.057, 0.000, 1.000,-0.010,5010,75794.33,2,CAA-MI-2-PBA-0.70_RERAND_ADJ,32,binary,0.5,2,binary,0.25,0,0,0.05,1.1,1,1,0.5
CR,1,0, 0.021, 0.000, 0.024, 0.976, 0.007,3551,29.57,3,CR_REG_ADJ,32,binary,0.1,2,binary,0.25,0,0,0.05,3,1,1,0.5
SBR,1,0, 0.023, 0.000, 0.028, 0.972, 0.041,3738,36.43,3,SBR_REG_ADJ,32,binary,0.1,2,binary,0.25,0,0,0.05,3,1,1,0.5
CAA-MI-2-PBA-0.70,1,0, 0.025, 0.000, 0.029, 0.971, 0.039,3673,83.75,3,CAA-MI-2-PBA-0.70_REG_ADJ,32,binary,0.1,2,binary,0.25,0,0,0.05,3,1,1,0.5
CR,0,0, 0.001, 0.000, 0.002, 0.998, 0.000,3784,25.32,3,CR_REG_UN,32,binary,0.1,2,binary,0.25,0,0,0.05,3,1,1,0.5
SBR,0,0, 0.000, 0.000, 0.001, 0.999,-0.007,3845,30.92,3,SBR_REG_UN,32,binary,0.1,2,binary,0.25,0,0,0.05,3,1,1,0.5
CAA-MI-2-PBA-0.70,0,0, 0.001, 0.000, 0.002, 0.998, 0.008,3836,78.04,3,CAA-MI-2-PBA-0.70_REG_UN,32,binary,0.1,2,binary,0.25,0,0,0.05,3,1,1,0.5
CAA-MI-2-PBA-0.70,1,1, 0.071, 0.071, 0.000, 1.000, 0.122,5010,79595.47,3,CAA-MI-2-PBA-0.70_RERAND_ADJ,32,binary,0.1,2,binary,0.25,0,0,0.05,3,1,1,0.5
CR,1,0, 0.019, 0.000, 0.027, 0.973, 0.015,4986,26.2,4,CR_REG_ADJ,32,binary,0.5,2,binary,0.25,0,0,0.05,3,1,1,0.5
SBR,1,0, 0.022, 0.000, 0.033, 0.967, 0.000,4999,31.62,4,SBR_REG_ADJ,32,binary,0.5,2,binary,0.25,0,0,0.05,3,1,1,0.5
CAA-MI-2-PBA-0.70,1,0, 0.025, 0.000, 0.035, 0.965,-0.005,4998,80.4,4,CAA-MI-2-PBA-0.70_REG_ADJ,32,binary,0.5,2,binary,0.25,0,0,0.05,3,1,1,0.5
CR,0,0, 0.023, 0.000, 0.040, 0.960, 0.015,5008,23.03,4,CR_REG_UN,32,binary,0.5,2,binary,0.25,0,0,0.05,3,1,1,0.5
SBR,0,0, 0.017, 0.000, 0.041, 0.959, 0.004,5010,29.17,4,SBR_REG_UN,32,binary,0.5,2,binary,0.25,0,0,0.05,3,1,1,0.5
CAA-MI-2-PBA-0.70,0,0, 0.022, 0.000, 0.043, 0.957,-0.003,5009,76.43,4,CAA-MI-2-PBA-0.70_REG_UN,32,binary,0.5,2,binary,0.25,0,0,0.05,3,1,1,0.5
CAA-MI-2-PBA-0.70,1,1, 0.050, 0.056, 0.000, 1.000,-0.004,5010,76411.51,4,CAA-MI-2-PBA-0.70_RERAND_ADJ,32,binary,0.5,2,binary,0.25,0,0,0.05,3,1,1,0.5
CR,1,0, 0.013, 0.000, 0.018, 0.982,-0.017,3356,30.3,5,CR_REG_ADJ,32,binary,0.1,2,binary,0.5,0,0,0.05,1.1,1,1,0.5
SBR,1,0, 0.011, 0.000, 0.013, 0.987,-0.009,3494,36.67,5,SBR_REG_ADJ,32,binary,0.1,2,binary,0.5,0,0,0.05,1.1,1,1,0.5
CAA-MI-2-PBA-0.70,1,0, 0.007, 0.000, 0.011, 0.989,-0.046,3434,83.53,5,CAA-MI-2-PBA-0.70_REG_ADJ,32,binary,0.1,2,binary,0.5,0,0,0.05,1.1,1,1,0.5
CR,0,0, 0.001, 0.000, 0.002, 0.998, 0.014,3380,25.45,5,CR_REG_UN,32,binary,0.1,2,binary,0.5,0,0,0.05,1.1,1,1,0.5
SBR,0,0, 0.000, 0.000, 0.001, 0.999,-0.018,3492,31.92,5,SBR_REG_UN,32,binary,0.1,2,binary,0.5,0,0,0.05,1.1,1,1,0.5
CAA-MI-2-PBA-0.70,0,0, 0.000, 0.000, 0.003, 0.997,-0.011,3456,78.27,5,CAA-MI-2-PBA-0.70_REG_UN,32,binary,0.1,2,binary,0.5,0,0,0.05,1.1,1,1,0.5
CAA-MI-2-PBA-0.70,1,1, 0.083, 0.078, 0.000, 1.000, 0.119,5010,79512.52,5,CAA-MI-2-PBA-0.70_RERAND_ADJ,32,binary,0.1,2,binary,0.5,0,0,0.05,1.1,1,1,0.5
CR,1,0, 0.026, 0.000, 0.036, 0.964,-0.020,5001,26.25,6,CR_REG_ADJ,32,binary,0.5,2,binary,0.5,0,0,0.05,1.1,1,1,0.5
SBR,1,0, 0.026, 0.000, 0.036, 0.964,-0.005,5008,30.88,6,SBR_REG_ADJ,32,binary,0.5,2,binary,0.5,0,0,0.05,1.1,1,1,0.5
CAA-MI-2-PBA-0.70,1,0, 0.026, 0.000, 0.037, 0.963, 0.012,5008,76.14,6,CAA-MI-2-PBA-0.70_REG_ADJ,32,binary,0.5,2,binary,0.5,0,0,0.05,1.1,1,1,0.5
CR,0,0, 0.029, 0.000, 0.045, 0.955,-0.016,5007,23.14,6,CR_REG_UN,32,binary,0.5,2,binary,0.5,0,0,0.05,1.1,1,1,0.5
SBR,0,0, 0.025, 0.000, 0.046, 0.954,-0.007,5008,29.12,6,SBR_REG_UN,32,binary,0.5,2,binary,0.5,0,0,0.05,1.1,1,1,0.5
CAA-MI-2-PBA-0.70,0,0, 0.025, 0.000, 0.047, 0.953, 0.009,5009,73.74,6,CAA-MI-2-PBA-0.70_REG_UN,32,binary,0.5,2,binary,0.5,0,0,0.05,1.1,1,1,0.5
CAA-MI-2-PBA-0.70,1,1, 0.052, 0.062, 0.000, 1.000, 0.012,5010,75293.12,6,CAA-MI-2-PBA-0.70_RERAND_ADJ,32,binary,0.5,2,binary,0.5,0,0,0.05,1.1,1,1,0.5
CR,1,0, 0.024, 0.000, 0.029, 0.971, 0.044,3681,31.29,7,CR_REG_ADJ,32,binary,0.1,2,binary,0.5,0,0,0.05,3,1,1,0.5
SBR,1,0, 0.028, 0.000, 0.033, 0.967,-0.002,3944,36.7,7,SBR_REG_ADJ,32,binary,0.1,2,binary,0.5,0,0,0.05,3,1,1,0.5
CAA-MI-2-PBA-0.70,1,0, 0.026, 0.000, 0.033, 0.967,-0.034,3840,83.71,7,CAA-MI-2-PBA-0.70_REG_ADJ,32,binary,0.1,2,binary,0.5,0,0,0.05,3,1,1,0.5
CR,0,0, 0.002, 0.000, 0.003, 0.997, 0.005,3758,25.54,7,CR_REG_UN,32,binary,0.1,2,binary,0.5,0,0,0.05,3,1,1,0.5
SBR,0,0, 0.001, 0.000, 0.002, 0.998,-0.012,3961,31,7,SBR_REG_UN,32,binary,0.1,2,binary,0.5,0,0,0.05,3,1,1,0.5
CAA-MI-2-PBA-0.70,0,0, 0.001, 0.000, 0.003, 0.997, 0.009,3879,77.14,7,CAA-MI-2-PBA-0.70_REG_UN,32,binary,0.1,2,binary,0.5,0,0,0.05,3,1,1,0.5
CAA-MI-2-PBA-0.70,1,1, 0.077, 0.070, 0.000, 1.000,-0.044,5010,78509.08,7,CAA-MI-2-PBA-0.70_RERAND_ADJ,32,binary,0.1,2,binary,0.5,0,0,0.05,3,1,1,0.5
CR,1,0, 0.022, 0.000, 0.031, 0.969,-0.013,4971,26.17,8,CR_REG_ADJ,32,binary,0.5,2,binary,0.5,0,0,0.05,3,1,1,0.5
SBR,1,0, 0.028, 0.000, 0.036, 0.964,-0.019,5001,31.81,8,SBR_REG_ADJ,32,binary,0.5,2,binary,0.5,0,0,0.05,3,1,1,0.5
CAA-MI-2-PBA-0.70,1,0, 0.024, 0.000, 0.031, 0.969,-0.003,4989,78.38,8,CAA-MI-2-PBA-0.70_REG_ADJ,32,binary,0.5,2,binary,0.5,0,0,0.05,3,1,1,0.5
CR,0,0, 0.025, 0.000, 0.044, 0.956,-0.021,5006,23.3,8,CR_REG_UN,32,binary,0.5,2,binary,0.5,0,0,0.05,3,1,1,0.5
SBR,0,0, 0.016, 0.000, 0.032, 0.968,-0.011,5010,29.34,8,SBR_REG_UN,32,binary,0.5,2,binary,0.5,0,0,0.05,3,1,1,0.5
CAA-MI-2-PBA-0.70,0,0, 0.019, 0.000, 0.035, 0.965,-0.002,5010,75.45,8,CAA-MI-2-PBA-0.70_REG_UN,32,binary,0.5,2,binary,0.5,0,0,0.05,3,1,1,0.5
CAA-MI-2-PBA-0.70,1,1, 0.050, 0.059, 0.000, 1.000,-0.007,5010,74990.12,8,CAA-MI-2-PBA-0.70_RERAND_ADJ,32,binary,0.5,2,binary,0.5,0,0,0.05,3,1,1,0.5
CR,1,0, 0.014, 0.000, 0.016, 0.983,-0.042,3313,31.85,9,CR_REG_ADJ,32,binary,0.1,2,binary,0.25,0,0.0953101798043249,0.05,1.1,1.1,1,0.5
SBR,1,0, 0.009, 0.000, 0.011, 0.989,-0.098,3518,37.41,9,SBR_REG_ADJ,32,binary,0.1,2,binary,0.25,0,0.0953101798043249,0.05,1.1,1.1,1,0.5
CAA-MI-2-PBA-0.70,1,0, 0.012, 0.000, 0.014, 0.986, 0.016,3410,84.47,9,CAA-MI-2-PBA-0.70_REG_ADJ,32,binary,0.1,2,binary,0.25,0,0.0953101798043249,0.05,1.1,1.1,1,0.5
CR,0,0, 0.001, 0.000, 0.001, 0.999,-0.042,3387,25.5,9,CR_REG_UN,32,binary,0.1,2,binary,0.25,0,0.0953101798043249,0.05,1.1,1.1,1,0.5
SBR,0,0, 0.000, 0.000, 0.000, 1.000,-0.066,3536,31.52,9,SBR_REG_UN,32,binary,0.1,2,binary,0.25,0,0.0953101798043249,0.05,1.1,1.1,1,0.5
CAA-MI-2-PBA-0.70,0,0, 0.000, 0.000, 0.001, 0.999,-0.050,3438,78.6,9,CAA-MI-2-PBA-0.70_REG_UN,32,binary,0.1,2,binary,0.25,0,0.0953101798043249,0.05,1.1,1.1,1,0.5
CAA-MI-2-PBA-0.70,1,1, 0.088, 0.077, 0.000, 0.968, 0.740,5010,79239.63,9,CAA-MI-2-PBA-0.70_RERAND_ADJ,32,binary,0.1,2,binary,0.25,0,0.0953101798043249,0.05,1.1,1.1,1,0.5
CR,1,0,0.025,0.000,0.033,0.965,0.029,5002,26.2,10,CR_REG_ADJ,32,binary,0.5,2,binary,0.25,0,0.0953101798043249,0.05,1.1,1.1,1,0.5
SBR,1,0,0.027,0.000,0.038,0.966,0.015,5009,31.51,10,SBR_REG_ADJ,32,binary,0.5,2,binary,0.25,0,0.0953101798043249,0.05,1.1,1.1,1,0.5
CAA-MI-2-PBA-0.70,1,0,0.033,0.000,0.043,0.959,0.021,5009,78.73,10,CAA-MI-2-PBA-0.70_REG_ADJ,32,binary,0.5,2,binary,0.25,0,0.0953101798043249,0.05,1.1,1.1,1,0.5
CR,0,0,0.027,0.000,0.042,0.964,0.021,5008,23.64,10,CR_REG_UN,32,binary,0.5,2,binary,0.25,0,0.0953101798043249,0.05,1.1,1.1,1,0.5
SBR,0,0,0.022,0.000,0.046,0.968,0.008,5010,28.93,10,SBR_REG_UN,32,binary,0.5,2,binary,0.25,0,0.0953101798043249,0.05,1.1,1.1,1,0.5
CAA-MI-2-PBA-0.70,0,0,0.029,0.000,0.053,0.961,0.012,5010,76.17,10,CAA-MI-2-PBA-0.70_REG_UN,32,binary,0.5,2,binary,0.25,0,0.0953101798043249,0.05,1.1,1.1,1,0.5
CAA-MI-2-PBA-0.70,1,1,0.060,0.063,0.000,1.000,0.017,5010,75501.15,10,CAA-MI-2-PBA-0.70_RERAND_ADJ,32,binary,0.5,2,binary,0.25,0,0.0953101798043249,0.05,1.1,1.1,1,0.5
CR,1,0, 0.022, 0.000, 0.026, 0.975, 0.009,3556,30.71,11,CR_REG_ADJ,32,binary,0.1,2,binary,0.25,0,0.0953101798043249,0.05,3,1.1,1,0.5
SBR,1,0, 0.023, 0.000, 0.028, 0.972, 0.049,3702,36.46,11,SBR_REG_ADJ,32,binary,0.1,2,binary,0.25,0,0.0953101798043249,0.05,3,1.1,1,0.5
CAA-MI-2-PBA-0.70,1,0, 0.028, 0.000, 0.030, 0.970, 0.069,3669,82.26,11,CAA-MI-2-PBA-0.70_REG_ADJ,32,binary,0.1,2,binary,0.25,0,0.0953101798043249,0.05,3,1.1,1,0.5
CR,0,0, 0.001, 0.000, 0.002, 0.998,-0.031,3784,25.39,11,CR_REG_UN,32,binary,0.1,2,binary,0.25,0,0.0953101798043249,0.05,3,1.1,1,0.5
SBR,0,0, 0.001, 0.000, 0.002, 0.999,-0.043,3821,31.28,11,SBR_REG_UN,32,binary,0.1,2,binary,0.25,0,0.0953101798043249,0.05,3,1.1,1,0.5
CAA-MI-2-PBA-0.70,0,0, 0.001, 0.000, 0.002, 0.999,-0.023,3819,76.71,11,CAA-MI-2-PBA-0.70_REG_UN,32,binary,0.1,2,binary,0.25,0,0.0953101798043249,0.05,3,1.1,1,0.5
CAA-MI-2-PBA-0.70,1,1, 0.071, 0.070, 0.000, 0.982, 0.679,5010,78340.75,11,CAA-MI-2-PBA-0.70_RERAND_ADJ,32,binary,0.1,2,binary,0.25,0,0.0953101798043249,0.05,3,1.1,1,0.5
CR,1,0, 0.023, 0.000, 0.031, 0.969, 0.031,4989,27.34,12,CR_REG_ADJ,32,binary,0.5,2,binary,0.25,0,0.0953101798043249,0.05,3,1.1,1,0.5
SBR,1,0, 0.024, 0.000, 0.036, 0.966, 0.018,5000,32.57,12,SBR_REG_ADJ,32,binary,0.5,2,binary,0.25,0,0.0953101798043249,0.05,3,1.1,1,0.5
CAA-MI-2-PBA-0.70,1,0, 0.026, 0.000, 0.037, 0.965, 0.012,4999,80.11,12,CAA-MI-2-PBA-0.70_REG_ADJ,32,binary,0.5,2,binary,0.25,0,0.0953101798043249,0.05,3,1.1,1,0.5
CR,0,0, 0.025, 0.000, 0.041, 0.967, 0.015,5009,22.94,12,CR_REG_UN,32,binary,0.5,2,binary,0.25,0,0.0953101798043249,0.05,3,1.1,1,0.5
SBR,0,0, 0.017, 0.000, 0.042, 0.971, 0.003,5010,28.96,12,SBR_REG_UN,32,binary,0.5,2,binary,0.25,0,0.0953101798043249,0.05,3,1.1,1,0.5
CAA-MI-2-PBA-0.70,0,0, 0.022, 0.000, 0.045, 0.967,-0.005,5009,76.56,12,CAA-MI-2-PBA-0.70_REG_UN,32,binary,0.5,2,binary,0.25,0,0.0953101798043249,0.05,3,1.1,1,0.5
CAA-MI-2-PBA-0.70,1,1, 0.054, 0.059, 0.000, 1.000, 0.023,5010,76811.08,12,CAA-MI-2-PBA-0.70_RERAND_ADJ,32,binary,0.5,2,binary,0.25,0,0.0953101798043249,0.05,3,1.1,1,0.5
CR,1,0, 0.014, 0.000, 0.018, 0.982,-0.021,3349,30.71,13,CR_REG_ADJ,32,binary,0.1,2,binary,0.5,0,0.0953101798043249,0.05,1.1,1.1,1,0.5
SBR,1,0, 0.009, 0.000, 0.012, 0.988,-0.044,3494,35.83,13,SBR_REG_ADJ,32,binary,0.1,2,binary,0.5,0,0.0953101798043249,0.05,1.1,1.1,1,0.5
CAA-MI-2-PBA-0.70,1,0, 0.006, 0.000, 0.010, 0.989,-0.074,3437,84.39,13,CAA-MI-2-PBA-0.70_REG_ADJ,32,binary,0.1,2,binary,0.5,0,0.0953101798043249,0.05,1.1,1.1,1,0.5
CR,0,0, 0.001, 0.000, 0.002, 0.999,-0.033,3369,25.83,13,CR_REG_UN,32,binary,0.1,2,binary,0.5,0,0.0953101798043249,0.05,1.1,1.1,1,0.5
SBR,0,0, 0.001, 0.000, 0.001, 0.999,-0.057,3494,31.48,13,SBR_REG_UN,32,binary,0.1,2,binary,0.5,0,0.0953101798043249,0.05,1.1,1.1,1,0.5
CAA-MI-2-PBA-0.70,0,0, 0.000, 0.000, 0.002, 0.999,-0.056,3459,79.98,13,CAA-MI-2-PBA-0.70_REG_UN,32,binary,0.1,2,binary,0.5,0,0.0953101798043249,0.05,1.1,1.1,1,0.5
CAA-MI-2-PBA-0.70,1,1, 0.086, 0.079, 0.000, 0.967, 0.640,5010,78195.24,13,CAA-MI-2-PBA-0.70_RERAND_ADJ,32,binary,0.1,2,binary,0.5,0,0.0953101798043249,0.05,1.1,1.1,1,0.5
CR,1,0, 0.029, 0.000, 0.041, 0.963, 0.003,5004,26.04,14,CR_REG_ADJ,32,binary,0.5,2,binary,0.5,0,0.0953101798043249,0.05,1.1,1.1,1,0.5
SBR,1,0, 0.024, 0.000, 0.036, 0.969, 0.009,5009,31.21,14,SBR_REG_ADJ,32,binary,0.5,2,binary,0.5,0,0.0953101798043249,0.05,1.1,1.1,1,0.5
CAA-MI-2-PBA-0.70,1,0, 0.024, 0.000, 0.035, 0.969, 0.021,5007,78.46,14,CAA-MI-2-PBA-0.70_REG_ADJ,32,binary,0.5,2,binary,0.5,0,0.0953101798043249,0.05,1.1,1.1,1,0.5
CR,0,0, 0.030, 0.000, 0.050, 0.960,-0.003,5008,23.51,14,CR_REG_UN,32,binary,0.5,2,binary,0.5,0,0.0953101798043249,0.05,1.1,1.1,1,0.5
SBR,0,0, 0.023, 0.000, 0.048, 0.968, 0.001,5009,29.18,14,SBR_REG_UN,32,binary,0.5,2,binary,0.5,0,0.0953101798043249,0.05,1.1,1.1,1,0.5
CAA-MI-2-PBA-0.70,0,0, 0.023, 0.000, 0.049, 0.968, 0.010,5009,76.33,14,CAA-MI-2-PBA-0.70_REG_UN,32,binary,0.5,2,binary,0.5,0,0.0953101798043249,0.05,1.1,1.1,1,0.5
CAA-MI-2-PBA-0.70,1,1, 0.053, 0.064, 0.000, 1.000, 0.025,5010,75187.79,14,CAA-MI-2-PBA-0.70_RERAND_ADJ,32,binary,0.5,2,binary,0.5,0,0.0953101798043249,0.05,1.1,1.1,1,0.5
CR,1,0, 0.025, 0.000, 0.030, 0.969, 0.051,3700,31.24,15,CR_REG_ADJ,32,binary,0.1,2,binary,0.5,0,0.0953101798043249,0.05,3,1.1,1,0.5
SBR,1,0, 0.027, 0.000, 0.032, 0.968,-0.036,3943,36.6,15,SBR_REG_ADJ,32,binary,0.1,2,binary,0.5,0,0.0953101798043249,0.05,3,1.1,1,0.5
CAA-MI-2-PBA-0.70,1,0, 0.028, 0.000, 0.033, 0.966,-0.013,3859,84.88,15,CAA-MI-2-PBA-0.70_REG_ADJ,32,binary,0.1,2,binary,0.5,0,0.0953101798043249,0.05,3,1.1,1,0.5
CR,0,0, 0.002, 0.000, 0.003, 0.996,-0.033,3773,25.62,15,CR_REG_UN,32,binary,0.1,2,binary,0.5,0,0.0953101798043249,0.05,3,1.1,1,0.5
SBR,0,0, 0.001, 0.000, 0.002, 0.999,-0.045,3958,30.73,15,SBR_REG_UN,32,binary,0.1,2,binary,0.5,0,0.0953101798043249,0.05,3,1.1,1,0.5
CAA-MI-2-PBA-0.70,0,0, 0.001, 0.000, 0.003, 0.998,-0.030,3897,78.91,15,CAA-MI-2-PBA-0.70_REG_UN,32,binary,0.1,2,binary,0.5,0,0.0953101798043249,0.05,3,1.1,1,0.5
CAA-MI-2-PBA-0.70,1,1, 0.079, 0.071, 0.000, 0.983, 0.429,5010,78532.79,15,CAA-MI-2-PBA-0.70_RERAND_ADJ,32,binary,0.1,2,binary,0.5,0,0.0953101798043249,0.05,3,1.1,1,0.5
CR,1,0, 0.027, 0.000, 0.037, 0.967, 0.001,4970,26.74,16,CR_REG_ADJ,32,binary,0.5,2,binary,0.5,0,0.0953101798043249,0.05,3,1.1,1,0.5
SBR,1,0, 0.028, 0.000, 0.034, 0.966, 0.002,4990,31.29,16,SBR_REG_ADJ,32,binary,0.5,2,binary,0.5,0,0.0953101798043249,0.05,3,1.1,1,0.5
CAA-MI-2-PBA-0.70,1,0, 0.028, 0.000, 0.039, 0.962, 0.002,4996,79.3,16,CAA-MI-2-PBA-0.70_REG_ADJ,32,binary,0.5,2,binary,0.5,0,0.0953101798043249,0.05,3,1.1,1,0.5
CR,0,0, 0.031, 0.000, 0.048, 0.960,-0.023,5007,23.6,16,CR_REG_UN,32,binary,0.5,2,binary,0.5,0,0.0953101798043249,0.05,3,1.1,1,0.5
SBR,0,0, 0.018, 0.000, 0.038, 0.975,-0.014,5010,29.44,16,SBR_REG_UN,32,binary,0.5,2,binary,0.5,0,0.0953101798043249,0.05,3,1.1,1,0.5
CAA-MI-2-PBA-0.70,0,0, 0.022, 0.000, 0.047, 0.968,-0.011,5010,76.99,16,CAA-MI-2-PBA-0.70_REG_UN,32,binary,0.5,2,binary,0.5,0,0.0953101798043249,0.05,3,1.1,1,0.5
CAA-MI-2-PBA-0.70,1,1, 0.056, 0.061, 0.000, 1.000, 0.037,5010,75406.98,16,CAA-MI-2-PBA-0.70_RERAND_ADJ,32,binary,0.5,2,binary,0.5,0,0.0953101798043249,0.05,3,1.1,1,0.5
CR,1,0, 0.025, 0.000, 0.031, 0.928,-0.175,2943,31.07,17,CR_REG_ADJ,32,binary,0.1,2,binary,0.25,0,1.09861228866811,0.05,1.1,3,1,0.5
SBR,1,0, 0.020, 0.000, 0.024, 0.938,-0.276,3099,37.28,17,SBR_REG_ADJ,32,binary,0.1,2,binary,0.25,0,1.09861228866811,0.05,1.1,3,1,0.5
CAA-MI-2-PBA-0.70,1,0, 0.021, 0.000, 0.027, 0.929,-0.243,3045,84.05,17,CAA-MI-2-PBA-0.70_REG_ADJ,32,binary,0.1,2,binary,0.25,0,1.09861228866811,0.05,1.1,3,1,0.5
CR,0,0, 0.007, 0.000, 0.012, 0.947,-0.465,3007,26.48,17,CR_REG_UN,32,binary,0.1,2,binary,0.25,0,1.09861228866811,0.05,1.1,3,1,0.5
SBR,0,0, 0.005, 0.000, 0.009, 0.954,-0.484,3120,32.01,17,SBR_REG_UN,32,binary,0.1,2,binary,0.25,0,1.09861228866811,0.05,1.1,3,1,0.5
CAA-MI-2-PBA-0.70,0,0, 0.005, 0.000, 0.009, 0.948,-0.472,3061,78.4,17,CAA-MI-2-PBA-0.70_REG_UN,32,binary,0.1,2,binary,0.25,0,1.09861228866811,0.05,1.1,3,1,0.5
CAA-MI-2-PBA-0.70,1,1, 0.096, 0.147, 0.000, 0.977, 5.943,5010,78379.49,17,CAA-MI-2-PBA-0.70_RERAND_ADJ,32,binary,0.1,2,binary,0.25,0,1.09861228866811,0.05,1.1,3,1,0.5
CR,1,0,0.211,0.000,0.250,0.966,0.160,4969,26.08,18,CR_REG_ADJ,32,binary,0.5,2,binary,0.25,0,1.09861228866811,0.05,1.1,3,1,0.5
SBR,1,0,0.233,0.000,0.270,0.966,0.173,4986,31.86,18,SBR_REG_ADJ,32,binary,0.5,2,binary,0.25,0,1.09861228866811,0.05,1.1,3,1,0.5
CAA-MI-2-PBA-0.70,1,0,0.223,0.000,0.263,0.967,0.164,4986,79.59,18,CAA-MI-2-PBA-0.70_REG_ADJ,32,binary,0.5,2,binary,0.25,0,1.09861228866811,0.05,1.1,3,1,0.5
CR,0,0,0.231,0.000,0.296,0.962,0.071,4994,23.36,18,CR_REG_UN,32,binary,0.5,2,binary,0.25,0,1.09861228866811,0.05,1.1,3,1,0.5
SBR,0,0,0.230,0.000,0.323,0.961,0.080,5005,28.96,18,SBR_REG_UN,32,binary,0.5,2,binary,0.25,0,1.09861228866811,0.05,1.1,3,1,0.5
CAA-MI-2-PBA-0.70,0,0,0.219,0.000,0.317,0.962,0.069,5004,76.89,18,CAA-MI-2-PBA-0.70_REG_UN,32,binary,0.5,2,binary,0.25,0,1.09861228866811,0.05,1.1,3,1,0.5
CAA-MI-2-PBA-0.70,1,1,0.308,0.326,0.000,0.997,0.283,5010,75503.12,18,CAA-MI-2-PBA-0.70_RERAND_ADJ,32,binary,0.5,2,binary,0.25,0,1.09861228866811,0.05,1.1,3,1,0.5
CR,1,0, 0.039, 0.000, 0.050, 0.950, 0.008,3105,30.72,19,CR_REG_ADJ,32,binary,0.1,2,binary,0.25,0,1.09861228866811,0.05,3,3,1,0.5
SBR,1,0, 0.038, 0.000, 0.047, 0.938, 0.058,3312,36.51,19,SBR_REG_ADJ,32,binary,0.1,2,binary,0.25,0,1.09861228866811,0.05,3,3,1,0.5
CAA-MI-2-PBA-0.70,1,0, 0.040, 0.000, 0.049, 0.934,-0.037,3256,82.77,19,CAA-MI-2-PBA-0.70_REG_ADJ,32,binary,0.1,2,binary,0.25,0,1.09861228866811,0.05,3,3,1,0.5
CR,0,0, 0.010, 0.000, 0.016, 0.969,-0.408,3358,25.9,19,CR_REG_UN,32,binary,0.1,2,binary,0.25,0,1.09861228866811,0.05,3,3,1,0.5
SBR,0,0, 0.006, 0.000, 0.010, 0.964,-0.447,3422,31.51,19,SBR_REG_UN,32,binary,0.1,2,binary,0.25,0,1.09861228866811,0.05,3,3,1,0.5
CAA-MI-2-PBA-0.70,0,0, 0.010, 0.000, 0.016, 0.964,-0.422,3440,78.08,19,CAA-MI-2-PBA-0.70_REG_UN,32,binary,0.1,2,binary,0.25,0,1.09861228866811,0.05,3,3,1,0.5
CAA-MI-2-PBA-0.70,1,1, 0.096, 0.157, 0.000, 0.987, 5.910,5010,78303.88,19,CAA-MI-2-PBA-0.70_RERAND_ADJ,32,binary,0.1,2,binary,0.25,0,1.09861228866811,0.05,3,3,1,0.5
CR,1,0, 0.176, 0.000, 0.212, 0.975, 0.161,4887,27.03,20,CR_REG_ADJ,32,binary,0.5,2,binary,0.25,0,1.09861228866811,0.05,3,3,1,0.5
SBR,1,0, 0.200, 0.000, 0.240, 0.978, 0.163,4939,32.83,20,SBR_REG_ADJ,32,binary,0.5,2,binary,0.25,0,1.09861228866811,0.05,3,3,1,0.5
CAA-MI-2-PBA-0.70,1,0, 0.202, 0.000, 0.240, 0.969, 0.163,4926,79.35,20,CAA-MI-2-PBA-0.70_REG_ADJ,32,binary,0.5,2,binary,0.25,0,1.09861228866811,0.05,3,3,1,0.5
CR,0,0, 0.192, 0.000, 0.259, 0.967,-0.011,4994,23.51,20,CR_REG_UN,32,binary,0.5,2,binary,0.25,0,1.09861228866811,0.05,3,3,1,0.5
SBR,0,0, 0.182, 0.000, 0.270, 0.972,-0.030,5004,28.97,20,SBR_REG_UN,32,binary,0.5,2,binary,0.25,0,1.09861228866811,0.05,3,3,1,0.5
CAA-MI-2-PBA-0.70,0,0, 0.182, 0.000, 0.268, 0.969,-0.027,5003,76.27,20,CAA-MI-2-PBA-0.70_REG_UN,32,binary,0.5,2,binary,0.25,0,1.09861228866811,0.05,3,3,1,0.5
CAA-MI-2-PBA-0.70,1,1, 0.278, 0.302, 0.000, 0.999, 0.532,5010,76533.63,20,CAA-MI-2-PBA-0.70_RERAND_ADJ,32,binary,0.5,2,binary,0.25,0,1.09861228866811,0.05,3,3,1,0.5
CR,1,0, 0.025, 0.000, 0.031, 0.922,-0.320,2978,30.91,21,CR_REG_ADJ,32,binary,0.1,2,binary,0.5,0,1.09861228866811,0.05,1.1,3,1,0.5
SBR,1,0, 0.014, 0.000, 0.020, 0.933,-0.376,3102,36.71,21,SBR_REG_ADJ,32,binary,0.1,2,binary,0.5,0,1.09861228866811,0.05,1.1,3,1,0.5
CAA-MI-2-PBA-0.70,1,0, 0.022, 0.000, 0.028, 0.924,-0.342,3039,82.47,21,CAA-MI-2-PBA-0.70_REG_ADJ,32,binary,0.1,2,binary,0.5,0,1.09861228866811,0.05,1.1,3,1,0.5
CR,0,0, 0.007, 0.000, 0.013, 0.943,-0.465,3005,26.52,21,CR_REG_UN,32,binary,0.1,2,binary,0.5,0,1.09861228866811,0.05,1.1,3,1,0.5
SBR,0,0, 0.003, 0.000, 0.007, 0.947,-0.496,3106,32.72,21,SBR_REG_UN,32,binary,0.1,2,binary,0.5,0,1.09861228866811,0.05,1.1,3,1,0.5
CAA-MI-2-PBA-0.70,0,0, 0.006, 0.000, 0.010, 0.946,-0.491,3049,78.08,21,CAA-MI-2-PBA-0.70_REG_UN,32,binary,0.1,2,binary,0.5,0,1.09861228866811,0.05,1.1,3,1,0.5
CAA-MI-2-PBA-0.70,1,1, 0.093, 0.149, 0.000, 0.976, 5.811,5010,77858.86,21,CAA-MI-2-PBA-0.70_RERAND_ADJ,32,binary,0.1,2,binary,0.5,0,1.09861228866811,0.05,1.1,3,1,0.5
CR,1,0,0.204,0.000,0.238,0.969,0.170,4964,26.21,22,CR_REG_ADJ,32,binary,0.5,2,binary,0.5,0,1.09861228866811,0.05,1.1,3,1,0.5
SBR,1,0,0.224,0.000,0.267,0.968,0.182,4986,31.66,22,SBR_REG_ADJ,32,binary,0.5,2,binary,0.5,0,1.09861228866811,0.05,1.1,3,1,0.5
CAA-MI-2-PBA-0.70,1,0,0.224,0.000,0.261,0.967,0.175,4974,78.55,22,CAA-MI-2-PBA-0.70_REG_ADJ,32,binary,0.5,2,binary,0.5,0,1.09861228866811,0.05,1.1,3,1,0.5
CR,0,0,0.227,0.000,0.295,0.963,0.069,4990,23.25,22,CR_REG_UN,32,binary,0.5,2,binary,0.5,0,1.09861228866811,0.05,1.1,3,1,0.5
SBR,0,0,0.224,0.000,0.326,0.965,0.077,5002,29.1,22,SBR_REG_UN,32,binary,0.5,2,binary,0.5,0,1.09861228866811,0.05,1.1,3,1,0.5
CAA-MI-2-PBA-0.70,0,0,0.228,0.000,0.316,0.961,0.072,5005,75.88,22,CAA-MI-2-PBA-0.70_REG_UN,32,binary,0.5,2,binary,0.5,0,1.09861228866811,0.05,1.1,3,1,0.5
CAA-MI-2-PBA-0.70,1,1,0.308,0.327,0.000,0.997,0.325,5010,75104.67,22,CAA-MI-2-PBA-0.70_RERAND_ADJ,32,binary,0.5,2,binary,0.5,0,1.09861228866811,0.05,1.1,3,1,0.5
CR,1,0, 0.064, 0.000, 0.074, 0.935,-0.004,3336,31.16,23,CR_REG_ADJ,32,binary,0.1,2,binary,0.5,0,1.09861228866811,0.05,3,3,1,0.5
SBR,1,0, 0.056, 0.000, 0.072, 0.943,-0.138,3521,36.93,23,SBR_REG_ADJ,32,binary,0.1,2,binary,0.5,0,1.09861228866811,0.05,3,3,1,0.5
CAA-MI-2-PBA-0.70,1,0, 0.065, 0.000, 0.079, 0.939,-0.022,3450,83.23,23,CAA-MI-2-PBA-0.70_REG_ADJ,32,binary,0.1,2,binary,0.5,0,1.09861228866811,0.05,3,3,1,0.5
CR,0,0, 0.010, 0.000, 0.015, 0.966,-0.403,3398,25.25,23,CR_REG_UN,32,binary,0.1,2,binary,0.5,0,1.09861228866811,0.05,3,3,1,0.5
SBR,0,0, 0.004, 0.000, 0.010, 0.968,-0.397,3546,31.18,23,SBR_REG_UN,32,binary,0.1,2,binary,0.5,0,1.09861228866811,0.05,3,3,1,0.5
CAA-MI-2-PBA-0.70,0,0, 0.009, 0.000, 0.014, 0.966,-0.392,3496,77.72,23,CAA-MI-2-PBA-0.70_REG_UN,32,binary,0.1,2,binary,0.5,0,1.09861228866811,0.05,3,3,1,0.5
CAA-MI-2-PBA-0.70,1,1, 0.102, 0.165, 0.000, 0.988, 4.949,5010,77769.56,23,CAA-MI-2-PBA-0.70_RERAND_ADJ,32,binary,0.1,2,binary,0.5,0,1.09861228866811,0.05,3,3,1,0.5
CR,1,0, 0.165, 0.000, 0.199, 0.972, 0.157,4882,26.62,24,CR_REG_ADJ,32,binary,0.5,2,binary,0.5,0,1.09861228866811,0.05,3,3,1,0.5
SBR,1,0, 0.193, 0.000, 0.230, 0.971, 0.184,4933,32.11,24,SBR_REG_ADJ,32,binary,0.5,2,binary,0.5,0,1.09861228866811,0.05,3,3,1,0.5
CAA-MI-2-PBA-0.70,1,0, 0.184, 0.000, 0.219, 0.972, 0.170,4899,77.99,24,CAA-MI-2-PBA-0.70_REG_ADJ,32,binary,0.5,2,binary,0.5,0,1.09861228866811,0.05,3,3,1,0.5
CR,0,0, 0.177, 0.000, 0.235, 0.959,-0.072,5002,23.84,24,CR_REG_UN,32,binary,0.5,2,binary,0.5,0,1.09861228866811,0.05,3,3,1,0.5
SBR,0,0, 0.164, 0.000, 0.249, 0.966,-0.061,5009,29.31,24,SBR_REG_UN,32,binary,0.5,2,binary,0.5,0,1.09861228866811,0.05,3,3,1,0.5
CAA-MI-2-PBA-0.70,0,0, 0.170, 0.000, 0.248, 0.968,-0.063,5003,74.79,24,CAA-MI-2-PBA-0.70_REG_UN,32,binary,0.5,2,binary,0.5,0,1.09861228866811,0.05,3,3,1,0.5
CAA-MI-2-PBA-0.70,1,1, 0.257, 0.300, 0.000, 0.999, 0.614,5010,75027.17,24,CAA-MI-2-PBA-0.70_RERAND_ADJ,32,binary,0.5,2,binary,0.5,0,1.09861228866811,0.05,3,3,1,0.5
CR,1,0, 0.026, 0.000, 0.027, 0.973,-0.001,4945,31.32,25,CR_REG_ADJ,96,binary,0.1,2,binary,0.25,0,0,0.05,1.1,1,1,0.5
SBR,1,0, 0.024, 0.000, 0.027, 0.973, 0.006,4940,38.75,25,SBR_REG_ADJ,96,binary,0.1,2,binary,0.25,0,0,0.05,1.1,1,1,0.5
CAA-MI-2-PBA-0.70,1,0, 0.026, 0.000, 0.028, 0.972,-0.007,4944,173.25,25,CAA-MI-2-PBA-0.70_REG_ADJ,96,binary,0.1,2,binary,0.25,0,0,0.05,1.1,1,1,0.5
CR,0,0, 0.018, 0.000, 0.021, 0.979,-0.003,4945,26.08,25,CR_REG_UN,96,binary,0.1,2,binary,0.25,0,0,0.05,1.1,1,1,0.5
SBR,0,0, 0.019, 0.000, 0.021, 0.979, 0.006,4940,34.74,25,SBR_REG_UN,96,binary,0.1,2,binary,0.25,0,0,0.05,1.1,1,1,0.5
CAA-MI-2-PBA-0.70,0,0, 0.018, 0.000, 0.020, 0.980,-0.006,4945,168.78,25,CAA-MI-2-PBA-0.70_REG_UN,96,binary,0.1,2,binary,0.25,0,0,0.05,1.1,1,1,0.5
CAA-MI-2-PBA-0.70,1,1, 0.050, 0.058, 0.000, 1.000, 0.060,5010,97740.4,25,CAA-MI-2-PBA-0.70_RERAND_ADJ,96,binary,0.1,2,binary,0.25,0,0,0.05,1.1,1,1,0.5
CR,1,0,0.043,0.000,0.046,0.954,0.005,5010,29.18,26,CR_REG_ADJ,96,binary,0.5,2,binary,0.25,0,0,0.05,1.1,1,1,0.5
SBR,1,0,0.044,0.000,0.048,0.952,0.005,5010,36.37,26,SBR_REG_ADJ,96,binary,0.5,2,binary,0.25,0,0,0.05,1.1,1,1,0.5
CAA-MI-2-PBA-0.70,1,0,0.038,0.000,0.042,0.958,0.008,5010,171.29,26,CAA-MI-2-PBA-0.70_REG_ADJ,96,binary,0.5,2,binary,0.25,0,0,0.05,1.1,1,1,0.5
CR,0,0,0.045,0.000,0.047,0.953,0.005,5010,26.83,26,CR_REG_UN,96,binary,0.5,2,binary,0.25,0,0,0.05,1.1,1,1,0.5
SBR,0,0,0.048,0.000,0.050,0.950,0.004,5010,34.49,26,SBR_REG_UN,96,binary,0.5,2,binary,0.25,0,0,0.05,1.1,1,1,0.5
CAA-MI-2-PBA-0.70,0,0,0.045,0.000,0.046,0.954,0.008,5010,169.06,26,CAA-MI-2-PBA-0.70_REG_UN,96,binary,0.5,2,binary,0.25,0,0,0.05,1.1,1,1,0.5
CAA-MI-2-PBA-0.70,1,1,0.045,0.050,0.000,1.000,0.008,5010,95857.34,26,CAA-MI-2-PBA-0.70_RERAND_ADJ,96,binary,0.5,2,binary,0.25,0,0,0.05,1.1,1,1,0.5
CR,1,0, 0.039, 0.000, 0.041, 0.959, 0.003,4972,30.84,27,CR_REG_ADJ,96,binary,0.1,2,binary,0.25,0,0,0.05,3,1,1,0.5
SBR,1,0, 0.041, 0.000, 0.044, 0.956, 0.001,4989,37.75,27,SBR_REG_ADJ,96,binary,0.1,2,binary,0.25,0,0,0.05,3,1,1,0.5
CAA-MI-2-PBA-0.70,1,0, 0.036, 0.000, 0.040, 0.960, 0.004,4988,174.47,27,CAA-MI-2-PBA-0.70_REG_ADJ,96,binary,0.1,2,binary,0.25,0,0,0.05,3,1,1,0.5
CR,0,0, 0.026, 0.000, 0.029, 0.971,-0.001,4972,26.68,27,CR_REG_UN,96,binary,0.1,2,binary,0.25,0,0,0.05,3,1,1,0.5
SBR,0,0, 0.026, 0.000, 0.029, 0.971, 0.002,4989,34.43,27,SBR_REG_UN,96,binary,0.1,2,binary,0.25,0,0,0.05,3,1,1,0.5
CAA-MI-2-PBA-0.70,0,0, 0.019, 0.000, 0.021, 0.979, 0.004,4990,171.36,27,CAA-MI-2-PBA-0.70_REG_UN,96,binary,0.1,2,binary,0.25,0,0,0.05,3,1,1,0.5
CAA-MI-2-PBA-0.70,1,1, 0.049, 0.051, 0.000, 1.000,-0.017,5010,96364.56,27,CAA-MI-2-PBA-0.70_RERAND_ADJ,96,binary,0.1,2,binary,0.25,0,0,0.05,3,1,1,0.5
CR,1,0,0.046,0.000,0.049,0.951,0.009,5010,29.32,28,CR_REG_ADJ,96,binary,0.5,2,binary,0.25,0,0,0.05,3,1,1,0.5
SBR,1,0,0.045,0.000,0.048,0.952,0.007,5010,36.41,28,SBR_REG_ADJ,96,binary,0.5,2,binary,0.25,0,0,0.05,3,1,1,0.5
CAA-MI-2-PBA-0.70,1,0,0.043,0.000,0.045,0.955,0.006,5010,173.19,28,CAA-MI-2-PBA-0.70_REG_ADJ,96,binary,0.5,2,binary,0.25,0,0,0.05,3,1,1,0.5
CR,0,0,0.047,0.000,0.049,0.951,0.008,5010,26.72,28,CR_REG_UN,96,binary,0.5,2,binary,0.25,0,0,0.05,3,1,1,0.5
SBR,0,0,0.041,0.000,0.043,0.957,0.007,5010,34.63,28,SBR_REG_UN,96,binary,0.5,2,binary,0.25,0,0,0.05,3,1,1,0.5
CAA-MI-2-PBA-0.70,0,0,0.041,0.000,0.043,0.957,0.006,5010,170.74,28,CAA-MI-2-PBA-0.70_REG_UN,96,binary,0.5,2,binary,0.25,0,0,0.05,3,1,1,0.5
CAA-MI-2-PBA-0.70,1,1,0.049,0.055,0.000,1.000,0.006,5010,96595.24,28,CAA-MI-2-PBA-0.70_RERAND_ADJ,96,binary,0.5,2,binary,0.25,0,0,0.05,3,1,1,0.5
CR,1,0, 0.024, 0.000, 0.027, 0.973,-0.003,4953,30.45,29,CR_REG_ADJ,96,binary,0.1,2,binary,0.5,0,0,0.05,1.1,1,1,0.5
SBR,1,0, 0.025, 0.000, 0.027, 0.973,-0.005,4952,38.27,29,SBR_REG_ADJ,96,binary,0.1,2,binary,0.5,0,0,0.05,1.1,1,1,0.5
CAA-MI-2-PBA-0.70,1,0, 0.027, 0.000, 0.029, 0.971, 0.001,4946,167.46,29,CAA-MI-2-PBA-0.70_REG_ADJ,96,binary,0.1,2,binary,0.5,0,0,0.05,1.1,1,1,0.5
CR,0,0, 0.018, 0.000, 0.020, 0.980,-0.006,4953,27.12,29,CR_REG_UN,96,binary,0.1,2,binary,0.5,0,0,0.05,1.1,1,1,0.5
SBR,0,0, 0.017, 0.000, 0.020, 0.980,-0.004,4952,34.89,29,SBR_REG_UN,96,binary,0.1,2,binary,0.5,0,0,0.05,1.1,1,1,0.5
CAA-MI-2-PBA-0.70,0,0, 0.018, 0.000, 0.020, 0.980, 0.002,4946,163.85,29,CAA-MI-2-PBA-0.70_REG_UN,96,binary,0.1,2,binary,0.5,0,0,0.05,1.1,1,1,0.5
CAA-MI-2-PBA-0.70,1,1, 0.055, 0.060, 0.000, 1.000, 0.032,5010,97618.95,29,CAA-MI-2-PBA-0.70_RERAND_ADJ,96,binary,0.1,2,binary,0.5,0,0,0.05,1.1,1,1,0.5
CR,1,0, 0.044, 0.000, 0.047, 0.953,-0.007,5010,29.13,30,CR_REG_ADJ,96,binary,0.5,2,binary,0.5,0,0,0.05,1.1,1,1,0.5
SBR,1,0, 0.045, 0.000, 0.048, 0.952,-0.004,5010,36.15,30,SBR_REG_ADJ,96,binary,0.5,2,binary,0.5,0,0,0.05,1.1,1,1,0.5
CAA-MI-2-PBA-0.70,1,0, 0.048, 0.000, 0.051, 0.949,-0.001,5010,166.61,30,CAA-MI-2-PBA-0.70_REG_ADJ,96,binary,0.5,2,binary,0.5,0,0,0.05,1.1,1,1,0.5
CR,0,0, 0.047, 0.000, 0.049, 0.951,-0.006,5010,26.9,30,CR_REG_UN,96,binary,0.5,2,binary,0.5,0,0,0.05,1.1,1,1,0.5
SBR,0,0, 0.050, 0.000, 0.052, 0.948,-0.003,5010,34.31,30,SBR_REG_UN,96,binary,0.5,2,binary,0.5,0,0,0.05,1.1,1,1,0.5
CAA-MI-2-PBA-0.70,0,0, 0.053, 0.000, 0.054, 0.946, 0.000,5010,164.42,30,CAA-MI-2-PBA-0.70_REG_UN,96,binary,0.5,2,binary,0.5,0,0,0.05,1.1,1,1,0.5
CAA-MI-2-PBA-0.70,1,1, 0.053, 0.059, 0.000, 1.000,-0.001,5010,96560.15,30,CAA-MI-2-PBA-0.70_RERAND_ADJ,96,binary,0.5,2,binary,0.5,0,0,0.05,1.1,1,1,0.5
CR,1,0, 0.045, 0.000, 0.049, 0.951,-0.002,4992,30.99,31,CR_REG_ADJ,96,binary,0.1,2,binary,0.5,0,0,0.05,3,1,1,0.5
SBR,1,0, 0.044, 0.000, 0.047, 0.953, 0.004,4987,38.49,31,SBR_REG_ADJ,96,binary,0.1,2,binary,0.5,0,0,0.05,3,1,1,0.5
CAA-MI-2-PBA-0.70,1,0, 0.048, 0.000, 0.050, 0.950, 0.008,4995,167.52,31,CAA-MI-2-PBA-0.70_REG_ADJ,96,binary,0.1,2,binary,0.5,0,0,0.05,3,1,1,0.5
CR,0,0, 0.024, 0.000, 0.026, 0.974,-0.002,4992,26.94,31,CR_REG_UN,96,binary,0.1,2,binary,0.5,0,0,0.05,3,1,1,0.5
SBR,0,0, 0.021, 0.000, 0.023, 0.977, 0.004,4987,34.61,31,SBR_REG_UN,96,binary,0.1,2,binary,0.5,0,0,0.05,3,1,1,0.5
CAA-MI-2-PBA-0.70,0,0, 0.026, 0.000, 0.028, 0.972, 0.007,4995,162.96,31,CAA-MI-2-PBA-0.70_REG_UN,96,binary,0.1,2,binary,0.5,0,0,0.05,3,1,1,0.5
CAA-MI-2-PBA-0.70,1,1, 0.055, 0.061, 0.000, 1.000,-0.004,5010,97604.68,31,CAA-MI-2-PBA-0.70_RERAND_ADJ,96,binary,0.1,2,binary,0.5,0,0,0.05,3,1,1,0.5
CR,1,0, 0.042, 0.000, 0.045, 0.955,-0.005,5010,28.17,32,CR_REG_ADJ,96,binary,0.5,2,binary,0.5,0,0,0.05,3,1,1,0.5
SBR,1,0, 0.042, 0.000, 0.044, 0.956,-0.005,5010,36.5,32,SBR_REG_ADJ,96,binary,0.5,2,binary,0.5,0,0,0.05,3,1,1,0.5
CAA-MI-2-PBA-0.70,1,0, 0.046, 0.000, 0.049, 0.951,-0.004,5010,166,32,CAA-MI-2-PBA-0.70_REG_ADJ,96,binary,0.5,2,binary,0.5,0,0,0.05,3,1,1,0.5
CR,0,0, 0.048, 0.000, 0.050, 0.950,-0.001,5010,26.95,32,CR_REG_UN,96,binary,0.5,2,binary,0.5,0,0,0.05,3,1,1,0.5
SBR,0,0, 0.036, 0.000, 0.037, 0.963,-0.005,5010,34.75,32,SBR_REG_UN,96,binary,0.5,2,binary,0.5,0,0,0.05,3,1,1,0.5
CAA-MI-2-PBA-0.70,0,0, 0.044, 0.000, 0.044, 0.956,-0.003,5010,163.43,32,CAA-MI-2-PBA-0.70_REG_UN,96,binary,0.5,2,binary,0.5,0,0,0.05,3,1,1,0.5
CAA-MI-2-PBA-0.70,1,1, 0.055, 0.058, 0.000, 1.000,-0.004,5010,96319.47,32,CAA-MI-2-PBA-0.70_RERAND_ADJ,96,binary,0.5,2,binary,0.5,0,0,0.05,3,1,1,0.5
CR,1,0,0.026,0.000,0.027,0.974,0.006,4941,31.32,33,CR_REG_ADJ,96,binary,0.1,2,binary,0.25,0,0.0953101798043249,0.05,1.1,1.1,1,0.5
SBR,1,0,0.027,0.000,0.029,0.973,0.014,4938,39.1,33,SBR_REG_ADJ,96,binary,0.1,2,binary,0.25,0,0.0953101798043249,0.05,1.1,1.1,1,0.5
CAA-MI-2-PBA-0.70,1,0,0.028,0.000,0.031,0.971,0.003,4937,169.35,33,CAA-MI-2-PBA-0.70_REG_ADJ,96,binary,0.1,2,binary,0.25,0,0.0953101798043249,0.05,1.1,1.1,1,0.5
CR,0,0,0.019,0.000,0.022,0.978,0.002,4941,27.01,33,CR_REG_UN,96,binary,0.1,2,binary,0.25,0,0.0953101798043249,0.05,1.1,1.1,1,0.5
SBR,0,0,0.020,0.000,0.022,0.978,0.011,4938,34.7,33,SBR_REG_UN,96,binary,0.1,2,binary,0.25,0,0.0953101798043249,0.05,1.1,1.1,1,0.5
CAA-MI-2-PBA-0.70,0,0,0.018,0.000,0.022,0.980,0.002,4938,165.13,33,CAA-MI-2-PBA-0.70_REG_UN,96,binary,0.1,2,binary,0.25,0,0.0953101798043249,0.05,1.1,1.1,1,0.5
CAA-MI-2-PBA-0.70,1,1,0.057,0.063,0.000,1.000,0.140,5010,97423.53,33,CAA-MI-2-PBA-0.70_RERAND_ADJ,96,binary,0.1,2,binary,0.25,0,0.0953101798043249,0.05,1.1,1.1,1,0.5
CR,1,0,0.046,0.000,0.049,0.957,0.003,5010,28.53,34,CR_REG_ADJ,96,binary,0.5,2,binary,0.25,0,0.0953101798043249,0.05,1.1,1.1,1,0.5
SBR,1,0,0.049,0.000,0.052,0.954,0.005,5010,36.79,34,SBR_REG_ADJ,96,binary,0.5,2,binary,0.25,0,0.0953101798043249,0.05,1.1,1.1,1,0.5
CAA-MI-2-PBA-0.70,1,0,0.046,0.000,0.051,0.956,0.003,5010,166.04,34,CAA-MI-2-PBA-0.70_REG_ADJ,96,binary,0.5,2,binary,0.25,0,0.0953101798043249,0.05,1.1,1.1,1,0.5
CR,0,0,0.049,0.000,0.051,0.956,0.000,5010,26.89,34,CR_REG_UN,96,binary,0.5,2,binary,0.25,0,0.0953101798043249,0.05,1.1,1.1,1,0.5
SBR,0,0,0.052,0.000,0.056,0.952,0.002,5010,34.84,34,SBR_REG_UN,96,binary,0.5,2,binary,0.25,0,0.0953101798043249,0.05,1.1,1.1,1,0.5
CAA-MI-2-PBA-0.70,0,0,0.052,0.000,0.053,0.952,0.001,5010,164.05,34,CAA-MI-2-PBA-0.70_REG_UN,96,binary,0.5,2,binary,0.25,0,0.0953101798043249,0.05,1.1,1.1,1,0.5
CAA-MI-2-PBA-0.70,1,1,0.051,0.057,0.000,1.000,0.003,5010,96556.65,34,CAA-MI-2-PBA-0.70_RERAND_ADJ,96,binary,0.5,2,binary,0.25,0,0.0953101798043249,0.05,1.1,1.1,1,0.5
CR,1,0, 0.038, 0.000, 0.040, 0.962, 0.012,4970,29.69,35,CR_REG_ADJ,96,binary,0.1,2,binary,0.25,0,0.0953101798043249,0.05,3,1.1,1,0.5
SBR,1,0, 0.040, 0.000, 0.043, 0.959, 0.014,4985,37.67,35,SBR_REG_ADJ,96,binary,0.1,2,binary,0.25,0,0.0953101798043249,0.05,3,1.1,1,0.5
CAA-MI-2-PBA-0.70,1,0, 0.039, 0.000, 0.043, 0.959, 0.012,4986,170.91,35,CAA-MI-2-PBA-0.70_REG_ADJ,96,binary,0.1,2,binary,0.25,0,0.0953101798043249,0.05,3,1.1,1,0.5
CR,0,0, 0.027, 0.000, 0.030, 0.971,-0.002,4971,26.75,35,CR_REG_UN,96,binary,0.1,2,binary,0.25,0,0.0953101798043249,0.05,3,1.1,1,0.5
SBR,0,0, 0.025, 0.000, 0.027, 0.974, 0.004,4985,34.8,35,SBR_REG_UN,96,binary,0.1,2,binary,0.25,0,0.0953101798043249,0.05,3,1.1,1,0.5
CAA-MI-2-PBA-0.70,0,0, 0.022, 0.000, 0.024, 0.978, 0.001,4989,167.03,35,CAA-MI-2-PBA-0.70_REG_UN,96,binary,0.1,2,binary,0.25,0,0.0953101798043249,0.05,3,1.1,1,0.5
CAA-MI-2-PBA-0.70,1,1, 0.053, 0.055, 0.000, 1.000, 0.024,5010,97083.75,35,CAA-MI-2-PBA-0.70_RERAND_ADJ,96,binary,0.1,2,binary,0.25,0,0.0953101798043249,0.05,3,1.1,1,0.5
CR,1,0, 0.050, 0.000, 0.052, 0.950, 0.012,5010,28.97,36,CR_REG_ADJ,96,binary,0.5,2,binary,0.25,0,0.0953101798043249,0.05,3,1.1,1,0.5
SBR,1,0, 0.051, 0.000, 0.055, 0.952, 0.012,5010,36.44,36,SBR_REG_ADJ,96,binary,0.5,2,binary,0.25,0,0.0953101798043249,0.05,3,1.1,1,0.5
CAA-MI-2-PBA-0.70,1,0, 0.048, 0.000, 0.050, 0.953, 0.010,5010,168.67,36,CAA-MI-2-PBA-0.70_REG_ADJ,96,binary,0.5,2,binary,0.25,0,0.0953101798043249,0.05,3,1.1,1,0.5
CR,0,0, 0.051, 0.000, 0.055, 0.952,-0.001,5010,26.94,36,CR_REG_UN,96,binary,0.5,2,binary,0.25,0,0.0953101798043249,0.05,3,1.1,1,0.5
SBR,0,0, 0.048, 0.000, 0.050, 0.957, 0.001,5010,34.32,36,SBR_REG_UN,96,binary,0.5,2,binary,0.25,0,0.0953101798043249,0.05,3,1.1,1,0.5
CAA-MI-2-PBA-0.70,0,0, 0.047, 0.000, 0.048, 0.957,-0.002,5010,166.44,36,CAA-MI-2-PBA-0.70_REG_UN,96,binary,0.5,2,binary,0.25,0,0.0953101798043249,0.05,3,1.1,1,0.5
CAA-MI-2-PBA-0.70,1,1, 0.056, 0.060, 0.000, 1.000, 0.010,5010,98098.22,36,CAA-MI-2-PBA-0.70_RERAND_ADJ,96,binary,0.5,2,binary,0.25,0,0.0953101798043249,0.05,3,1.1,1,0.5
CR,1,0,0.025,0.000,0.027,0.972,0.004,4950,30.6,37,CR_REG_ADJ,96,binary,0.1,2,binary,0.5,0,0.0953101798043249,0.05,1.1,1.1,1,0.5
SBR,1,0,0.023,0.000,0.025,0.974,0.002,4947,37.55,37,SBR_REG_ADJ,96,binary,0.1,2,binary,0.5,0,0.0953101798043249,0.05,1.1,1.1,1,0.5
CAA-MI-2-PBA-0.70,1,0,0.027,0.000,0.030,0.972,0.010,4946,166.78,37,CAA-MI-2-PBA-0.70_REG_ADJ,96,binary,0.1,2,binary,0.5,0,0.0953101798043249,0.05,1.1,1.1,1,0.5
CR,0,0,0.019,0.000,0.021,0.977,0.000,4950,27.37,37,CR_REG_UN,96,binary,0.1,2,binary,0.5,0,0.0953101798043249,0.05,1.1,1.1,1,0.5
SBR,0,0,0.018,0.000,0.021,0.979,0.000,4947,34.63,37,SBR_REG_UN,96,binary,0.1,2,binary,0.5,0,0.0953101798043249,0.05,1.1,1.1,1,0.5
CAA-MI-2-PBA-0.70,0,0,0.019,0.000,0.021,0.977,0.009,4946,164.06,37,CAA-MI-2-PBA-0.70_REG_UN,96,binary,0.1,2,binary,0.5,0,0.0953101798043249,0.05,1.1,1.1,1,0.5
CAA-MI-2-PBA-0.70,1,1,0.057,0.061,0.000,1.000,0.069,5010,97948.69,37,CAA-MI-2-PBA-0.70_RERAND_ADJ,96,binary,0.1,2,binary,0.5,0,0.0953101798043249,0.05,1.1,1.1,1,0.5
CR,1,0,0.045,0.000,0.048,0.956,0.004,5010,28.12,38,CR_REG_ADJ,96,binary,0.5,2,binary,0.5,0,0.0953101798043249,0.05,1.1,1.1,1,0.5
SBR,1,0,0.049,0.000,0.054,0.951,0.006,5010,36.65,38,SBR_REG_ADJ,96,binary,0.5,2,binary,0.5,0,0.0953101798043249,0.05,1.1,1.1,1,0.5
CAA-MI-2-PBA-0.70,1,0,0.050,0.000,0.053,0.954,0.008,5010,169.59,38,CAA-MI-2-PBA-0.70_REG_ADJ,96,binary,0.5,2,binary,0.5,0,0.0953101798043249,0.05,1.1,1.1,1,0.5
CR,0,0,0.047,0.000,0.050,0.955,0.002,5010,26.73,38,CR_REG_UN,96,binary,0.5,2,binary,0.5,0,0.0953101798043249,0.05,1.1,1.1,1,0.5
SBR,0,0,0.054,0.000,0.055,0.950,0.003,5010,34.96,38,SBR_REG_UN,96,binary,0.5,2,binary,0.5,0,0.0953101798043249,0.05,1.1,1.1,1,0.5
CAA-MI-2-PBA-0.70,0,0,0.056,0.000,0.056,0.951,0.006,5010,167.35,38,CAA-MI-2-PBA-0.70_REG_UN,96,binary,0.5,2,binary,0.5,0,0.0953101798043249,0.05,1.1,1.1,1,0.5
CAA-MI-2-PBA-0.70,1,1,0.054,0.059,0.000,1.000,0.008,5010,97812.54,38,CAA-MI-2-PBA-0.70_RERAND_ADJ,96,binary,0.5,2,binary,0.5,0,0.0953101798043249,0.05,1.1,1.1,1,0.5
CR,1,0, 0.047, 0.000, 0.051, 0.950, 0.004,4993,30.37,39,CR_REG_ADJ,96,binary,0.1,2,binary,0.5,0,0.0953101798043249,0.05,3,1.1,1,0.5
SBR,1,0, 0.045, 0.000, 0.049, 0.955, 0.014,4989,37.75,39,SBR_REG_ADJ,96,binary,0.1,2,binary,0.5,0,0.0953101798043249,0.05,3,1.1,1,0.5
CAA-MI-2-PBA-0.70,1,0, 0.049, 0.000, 0.053, 0.949, 0.015,4992,171.86,39,CAA-MI-2-PBA-0.70_REG_ADJ,96,binary,0.1,2,binary,0.5,0,0.0953101798043249,0.05,3,1.1,1,0.5
CR,0,0, 0.026, 0.000, 0.028, 0.972,-0.003,4993,26.52,39,CR_REG_UN,96,binary,0.1,2,binary,0.5,0,0.0953101798043249,0.05,3,1.1,1,0.5
SBR,0,0, 0.021, 0.000, 0.023, 0.977, 0.006,4989,34.4,39,SBR_REG_UN,96,binary,0.1,2,binary,0.5,0,0.0953101798043249,0.05,3,1.1,1,0.5
CAA-MI-2-PBA-0.70,0,0, 0.025, 0.000, 0.027, 0.973, 0.006,4992,167.4,39,CAA-MI-2-PBA-0.70_REG_UN,96,binary,0.1,2,binary,0.5,0,0.0953101798043249,0.05,3,1.1,1,0.5
CAA-MI-2-PBA-0.70,1,1, 0.056, 0.060, 0.000, 1.000, 0.013,5010,98307.41,39,CAA-MI-2-PBA-0.70_RERAND_ADJ,96,binary,0.1,2,binary,0.5,0,0.0953101798043249,0.05,3,1.1,1,0.5
CR,1,0, 0.046, 0.000, 0.049, 0.960, 0.005,5010,29.06,40,CR_REG_ADJ,96,binary,0.5,2,binary,0.5,0,0.0953101798043249,0.05,3,1.1,1,0.5
SBR,1,0, 0.047, 0.000, 0.049, 0.956, 0.005,5010,36.84,40,SBR_REG_ADJ,96,binary,0.5,2,binary,0.5,0,0.0953101798043249,0.05,3,1.1,1,0.5
CAA-MI-2-PBA-0.70,1,0, 0.046, 0.000, 0.048, 0.956, 0.005,5010,167.07,40,CAA-MI-2-PBA-0.70_REG_ADJ,96,binary,0.5,2,binary,0.5,0,0.0953101798043249,0.05,3,1.1,1,0.5
CR,0,0, 0.048, 0.000, 0.049, 0.952,-0.006,5010,26.41,40,CR_REG_UN,96,binary,0.5,2,binary,0.5,0,0.0953101798043249,0.05,3,1.1,1,0.5
SBR,0,0, 0.042, 0.000, 0.043, 0.964,-0.010,5010,34.5,40,SBR_REG_UN,96,binary,0.5,2,binary,0.5,0,0.0953101798043249,0.05,3,1.1,1,0.5
CAA-MI-2-PBA-0.70,0,0, 0.040, 0.000, 0.041, 0.961,-0.009,5010,164.62,40,CAA-MI-2-PBA-0.70_REG_UN,96,binary,0.5,2,binary,0.5,0,0.0953101798043249,0.05,3,1.1,1,0.5
CAA-MI-2-PBA-0.70,1,1, 0.052, 0.057, 0.000, 1.000, 0.005,5010,98571.02,40,CAA-MI-2-PBA-0.70_RERAND_ADJ,96,binary,0.5,2,binary,0.5,0,0.0953101798043249,0.05,3,1.1,1,0.5
CR,1,0,0.238,0.000,0.251,0.971,0.056,4743,30.94,41,CR_REG_ADJ,96,binary,0.1,2,binary,0.25,0,1.09861228866811,0.05,1.1,3,1,0.5
SBR,1,0,0.227,0.000,0.245,0.974,0.049,4715,38.48,41,SBR_REG_ADJ,96,binary,0.1,2,binary,0.25,0,1.09861228866811,0.05,1.1,3,1,0.5
CAA-MI-2-PBA-0.70,1,0,0.238,0.000,0.250,0.971,0.047,4722,166.93,41,CAA-MI-2-PBA-0.70_REG_ADJ,96,binary,0.1,2,binary,0.25,0,1.09861228866811,0.05,1.1,3,1,0.5
CR,0,0,0.222,0.000,0.238,0.973,0.026,4743,28.01,41,CR_REG_UN,96,binary,0.1,2,binary,0.25,0,1.09861228866811,0.05,1.1,3,1,0.5
SBR,0,0,0.218,0.000,0.232,0.976,0.025,4715,35.46,41,SBR_REG_UN,96,binary,0.1,2,binary,0.25,0,1.09861228866811,0.05,1.1,3,1,0.5
CAA-MI-2-PBA-0.70,0,0,0.220,0.000,0.232,0.972,0.021,4722,163,41,CAA-MI-2-PBA-0.70_REG_UN,96,binary,0.1,2,binary,0.25,0,1.09861228866811,0.05,1.1,3,1,0.5
CAA-MI-2-PBA-0.70,1,1,0.297,0.358,0.000,0.935,1.075,5010,98913.94,41,CAA-MI-2-PBA-0.70_RERAND_ADJ,96,binary,0.1,2,binary,0.25,0,1.09861228866811,0.05,1.1,3,1,0.5
CR,1,0,0.725,0.000,0.736,0.955,0.049,5010,28.97,42,CR_REG_ADJ,96,binary,0.5,2,binary,0.25,0,1.09861228866811,0.05,1.1,3,1,0.5
SBR,1,0,0.730,0.000,0.740,0.954,0.048,5010,36.95,42,SBR_REG_ADJ,96,binary,0.5,2,binary,0.25,0,1.09861228866811,0.05,1.1,3,1,0.5
CAA-MI-2-PBA-0.70,1,0,0.741,0.000,0.754,0.957,0.050,5010,169.93,42,CAA-MI-2-PBA-0.70_REG_ADJ,96,binary,0.5,2,binary,0.25,0,1.09861228866811,0.05,1.1,3,1,0.5
CR,0,0,0.744,0.000,0.752,0.956,0.022,5010,26.43,42,CR_REG_UN,96,binary,0.5,2,binary,0.25,0,1.09861228866811,0.05,1.1,3,1,0.5
SBR,0,0,0.745,0.000,0.754,0.954,0.020,5010,34.54,42,SBR_REG_UN,96,binary,0.5,2,binary,0.25,0,1.09861228866811,0.05,1.1,3,1,0.5
CAA-MI-2-PBA-0.70,0,0,0.764,0.000,0.768,0.954,0.022,5010,167.6,42,CAA-MI-2-PBA-0.70_REG_UN,96,binary,0.5,2,binary,0.25,0,1.09861228866811,0.05,1.1,3,1,0.5
CAA-MI-2-PBA-0.70,1,1,0.744,0.752,0.000,0.003,0.050,5010,96630.27,42,CAA-MI-2-PBA-0.70_RERAND_ADJ,96,binary,0.5,2,binary,0.25,0,1.09861228866811,0.05,1.1,3,1,0.5
CR,1,0, 0.278, 0.000, 0.287, 0.962, 0.089,4882,30.06,43,CR_REG_ADJ,96,binary,0.1,2,binary,0.25,0,1.09861228866811,0.05,3,3,1,0.5
SBR,1,0, 0.282, 0.000, 0.295, 0.967, 0.085,4868,38.12,43,SBR_REG_ADJ,96,binary,0.1,2,binary,0.25,0,1.09861228866811,0.05,3,3,1,0.5
CAA-MI-2-PBA-0.70,1,0, 0.285, 0.000, 0.297, 0.961, 0.083,4875,169.16,43,CAA-MI-2-PBA-0.70_REG_ADJ,96,binary,0.1,2,binary,0.25,0,1.09861228866811,0.05,3,3,1,0.5
CR,0,0, 0.252, 0.000, 0.268, 0.965,-0.025,4883,26.23,43,CR_REG_UN,96,binary,0.1,2,binary,0.25,0,1.09861228866811,0.05,3,3,1,0.5
SBR,0,0, 0.248, 0.000, 0.260, 0.971,-0.022,4870,35.23,43,SBR_REG_UN,96,binary,0.1,2,binary,0.25,0,1.09861228866811,0.05,3,3,1,0.5
CAA-MI-2-PBA-0.70,0,0, 0.248, 0.000, 0.259, 0.968,-0.026,4878,167.05,43,CAA-MI-2-PBA-0.70_REG_UN,96,binary,0.1,2,binary,0.25,0,1.09861228866811,0.05,3,3,1,0.5
CAA-MI-2-PBA-0.70,1,1, 0.330, 0.376, 0.000, 0.933, 0.574,5010,96836.2,43,CAA-MI-2-PBA-0.70_RERAND_ADJ,96,binary,0.1,2,binary,0.25,0,1.09861228866811,0.05,3,3,1,0.5
CR,1,0, 0.680, 0.000, 0.690, 0.952, 0.054,5010,28.95,44,CR_REG_ADJ,96,binary,0.5,2,binary,0.25,0,1.09861228866811,0.05,3,3,1,0.5
SBR,1,0, 0.691, 0.000, 0.701, 0.952, 0.055,5010,36.89,44,SBR_REG_ADJ,96,binary,0.5,2,binary,0.25,0,1.09861228866811,0.05,3,3,1,0.5
CAA-MI-2-PBA-0.70,1,0, 0.683, 0.000, 0.694, 0.957, 0.050,5010,169.82,44,CAA-MI-2-PBA-0.70_REG_ADJ,96,binary,0.5,2,binary,0.25,0,1.09861228866811,0.05,3,3,1,0.5
CR,0,0, 0.649, 0.000, 0.658, 0.944,-0.085,5010,26.04,44,CR_REG_UN,96,binary,0.5,2,binary,0.25,0,1.09861228866811,0.05,3,3,1,0.5
SBR,0,0, 0.675, 0.000, 0.685, 0.952,-0.082,5010,34.22,44,SBR_REG_UN,96,binary,0.5,2,binary,0.25,0,1.09861228866811,0.05,3,3,1,0.5
CAA-MI-2-PBA-0.70,0,0, 0.672, 0.000, 0.678, 0.951,-0.089,5010,166.9,44,CAA-MI-2-PBA-0.70_REG_UN,96,binary,0.5,2,binary,0.25,0,1.09861228866811,0.05,3,3,1,0.5
CAA-MI-2-PBA-0.70,1,1, 0.693, 0.704, 0.000, 0.010, 0.050,5010,97817.85,44,CAA-MI-2-PBA-0.70_RERAND_ADJ,96,binary,0.5,2,binary,0.25,0,1.09861228866811,0.05,3,3,1,0.5
CR,1,0,0.230,0.000,0.241,0.972,0.051,4736,29.82,45,CR_REG_ADJ,96,binary,0.1,2,binary,0.5,0,1.09861228866811,0.05,1.1,3,1,0.5
SBR,1,0,0.231,0.000,0.244,0.978,0.045,4750,38.75,45,SBR_REG_ADJ,96,binary,0.1,2,binary,0.5,0,1.09861228866811,0.05,1.1,3,1,0.5
CAA-MI-2-PBA-0.70,1,0,0.244,0.000,0.257,0.975,0.069,4764,166.45,45,CAA-MI-2-PBA-0.70_REG_ADJ,96,binary,0.1,2,binary,0.5,0,1.09861228866811,0.05,1.1,3,1,0.5
CR,0,0,0.224,0.000,0.238,0.973,0.025,4736,27.61,45,CR_REG_UN,96,binary,0.1,2,binary,0.5,0,1.09861228866811,0.05,1.1,3,1,0.5
SBR,0,0,0.218,0.000,0.232,0.977,0.021,4750,35.59,45,SBR_REG_UN,96,binary,0.1,2,binary,0.5,0,1.09861228866811,0.05,1.1,3,1,0.5
CAA-MI-2-PBA-0.70,0,0,0.230,0.000,0.242,0.973,0.045,4764,162.92,45,CAA-MI-2-PBA-0.70_REG_UN,96,binary,0.1,2,binary,0.5,0,1.09861228866811,0.05,1.1,3,1,0.5
CAA-MI-2-PBA-0.70,1,1,0.310,0.363,0.000,0.931,0.928,5010,98201.84,45,CAA-MI-2-PBA-0.70_RERAND_ADJ,96,binary,0.1,2,binary,0.5,0,1.09861228866811,0.05,1.1,3,1,0.5
CR,1,0,0.725,0.000,0.736,0.952,0.050,5010,28.83,46,CR_REG_ADJ,96,binary,0.5,2,binary,0.5,0,1.09861228866811,0.05,1.1,3,1,0.5
SBR,1,0,0.740,0.000,0.755,0.953,0.049,5010,36.85,46,SBR_REG_ADJ,96,binary,0.5,2,binary,0.5,0,1.09861228866811,0.05,1.1,3,1,0.5
CAA-MI-2-PBA-0.70,1,0,0.739,0.000,0.752,0.952,0.050,5010,169.61,46,CAA-MI-2-PBA-0.70_REG_ADJ,96,binary,0.5,2,binary,0.5,0,1.09861228866811,0.05,1.1,3,1,0.5
CR,0,0,0.741,0.000,0.748,0.953,0.022,5010,26.18,46,CR_REG_UN,96,binary,0.5,2,binary,0.5,0,1.09861228866811,0.05,1.1,3,1,0.5
SBR,0,0,0.757,0.000,0.762,0.953,0.020,5010,34.42,46,SBR_REG_UN,96,binary,0.5,2,binary,0.5,0,1.09861228866811,0.05,1.1,3,1,0.5
CAA-MI-2-PBA-0.70,0,0,0.758,0.000,0.762,0.954,0.021,5010,166.62,46,CAA-MI-2-PBA-0.70_REG_UN,96,binary,0.5,2,binary,0.5,0,1.09861228866811,0.05,1.1,3,1,0.5
CAA-MI-2-PBA-0.70,1,1,0.744,0.752,0.000,0.001,0.050,5010,96458.6,46,CAA-MI-2-PBA-0.70_RERAND_ADJ,96,binary,0.5,2,binary,0.5,0,1.09861228866811,0.05,1.1,3,1,0.5
CR,1,0, 0.316, 0.000, 0.327, 0.960, 0.085,4888,30.49,47,CR_REG_ADJ,96,binary,0.1,2,binary,0.5,0,1.09861228866811,0.05,3,3,1,0.5
SBR,1,0, 0.334, 0.000, 0.346, 0.958, 0.095,4914,38.31,47,SBR_REG_ADJ,96,binary,0.1,2,binary,0.5,0,1.09861228866811,0.05,3,3,1,0.5
CAA-MI-2-PBA-0.70,1,0, 0.325, 0.000, 0.339, 0.960, 0.096,4896,176.89,47,CAA-MI-2-PBA-0.70_REG_ADJ,96,binary,0.1,2,binary,0.5,0,1.09861228866811,0.05,3,3,1,0.5
CR,0,0, 0.274, 0.000, 0.285, 0.965,-0.010,4888,26.1,47,CR_REG_UN,96,binary,0.1,2,binary,0.5,0,1.09861228866811,0.05,3,3,1,0.5
SBR,0,0, 0.282, 0.000, 0.291, 0.969, 0.000,4914,34.64,47,SBR_REG_UN,96,binary,0.1,2,binary,0.5,0,1.09861228866811,0.05,3,3,1,0.5
CAA-MI-2-PBA-0.70,0,0, 0.273, 0.000, 0.282, 0.973,-0.001,4896,172.59,47,CAA-MI-2-PBA-0.70_REG_UN,96,binary,0.1,2,binary,0.5,0,1.09861228866811,0.05,3,3,1,0.5
CAA-MI-2-PBA-0.70,1,1, 0.348, 0.394, 0.000, 0.913, 0.507,5010,97556.82,47,CAA-MI-2-PBA-0.70_RERAND_ADJ,96,binary,0.1,2,binary,0.5,0,1.09861228866811,0.05,3,3,1,0.5
CR,1,0, 0.661, 0.000, 0.671, 0.953, 0.054,5010,28.24,48,CR_REG_ADJ,96,binary,0.5,2,binary,0.5,0,1.09861228866811,0.05,3,3,1,0.5
SBR,1,0, 0.676, 0.000, 0.688, 0.954, 0.063,5010,35.99,48,SBR_REG_ADJ,96,binary,0.5,2,binary,0.5,0,1.09861228866811,0.05,3,3,1,0.5
CAA-MI-2-PBA-0.70,1,0, 0.669, 0.000, 0.677, 0.950, 0.059,5010,171.55,48,CAA-MI-2-PBA-0.70_REG_ADJ,96,binary,0.5,2,binary,0.5,0,1.09861228866811,0.05,3,3,1,0.5
CR,0,0, 0.629, 0.000, 0.638, 0.937,-0.114,5010,26.33,48,CR_REG_UN,96,binary,0.5,2,binary,0.5,0,1.09861228866811,0.05,3,3,1,0.5
SBR,0,0, 0.647, 0.000, 0.654, 0.953,-0.110,5010,34.1,48,SBR_REG_UN,96,binary,0.5,2,binary,0.5,0,1.09861228866811,0.05,3,3,1,0.5
CAA-MI-2-PBA-0.70,0,0, 0.648, 0.000, 0.651, 0.946,-0.115,5010,169.21,48,CAA-MI-2-PBA-0.70_REG_UN,96,binary,0.5,2,binary,0.5,0,1.09861228866811,0.05,3,3,1,0.5
CAA-MI-2-PBA-0.70,1,1, 0.684, 0.694, 0.000, 0.015, 0.059,5010,96548.46,48,CAA-MI-2-PBA-0.70_RERAND_ADJ,96,binary,0.5,2,binary,0.5,0,1.09861228866811,0.05,3,3,1,0.5
